Categoria;Subcategoria;Codigo;Partidas de Materiales Utilizadas Por Mantenimiento PEXT;Moneda;Codigo2;Costo;Subcategoria2
MATERIAL;EPFO;7709;ADAPTADORES DUPLEX SC-SC;D;7709;$ 14.55;EPFO
MATERIAL;FERRETERIA;22053;AISLADOR DE LOZA 54-2 PARA RETENIDA;D;22053;$ 1.80;FERRETERIA
MATERIAL;FERRETERIA;5;AISLADOR TIPO TRACCION54-1 MCA GAMMA;D;5;$ 1.80;FERRETERIA
MATERIAL;FERRETERIA;15938;AISLADORES TIPO CARRETE C/CLEVES **;D;15938;$ 6.33;FERRETERIA
MATERIAL;FERRETERIA;15939;AISLADORES TIPO NUEZ;D;15939;$ 2.12;FERRETERIA
MATERIAL;FERRETERIA;10;"ARANDELA CURVA DE 5/8""";D;10;$ 0.23;FERRETERIA
MATERIAL;FERRETERIA;24131;"ARANDELA PLANA 5/8""";D;24131;$ 0.37;FERRETERIA
MATERIAL;FERRETERIA;11;"ARANDELA RECTA DE 5/8""";D;11;$ 0.22;FERRETERIA
MATERIAL;FERRETERIA;12;BLOQUETA DE CONCRETO DE 40CM X 40CM;D;12;$ 3.86;FERRETERIA
MATERIAL;FERRETERIA;16168;BRAZO VERTICAL 0.60 CM;D;16168;$ 5.92;FERRETERIA
MATERIAL;FERRETERIA;15963;BRAZO VERTICAL S/MARCA 0.8 CM;D;15963;$ 6.21;FERRETERIA
MATERIAL;FERRETERIA;14;"CABLE DE ACERO DESNUDO 3/16""";D;14;$ 0.32;FERRETERIA
MATERIAL;FERRETERIA;61;"CABLE DE ACERO DESNUDO DE 1/4""";D;61;$ 0.48;FERRETERIA
MATERIAL;FERRETERIA;15;"CABLE DE ACERO DESNUDO DE 5/16""";D;15;$ 0.73;FERRETERIA
MATERIAL;EPFO;1056471;CABLE FO MPO PIGTAIL SS-OP-MPO-SC-S-1.5;D;1056471;$ 38.38;EPFO
MATERIAL;FERRETERIA;7411;CANALETA TIPO U DE 4ÑFIERRO GALVANIZADO;D;7411;$ 9.50;FERRETERIA
MATERIAL;FERRETERIA;19;"CANALETAS TIPO ""U"" ,TUBO 3""";D;19;$ 8.80;FERRETERIA
MATERIAL;FERRETERIA;31;CHAPA DE ALUMINIO DE DISEÑO ESPECIAL PARA CABLE AUTOSOPORTADO;D;31;$ 2.95;FERRETERIA
MATERIAL;FERRETERIA;6563;CHAPA DE SUSPENSION DE ALUMINIO;S;6563;S/ 2.82;FERRETERIA
MATERIAL;EPFO;1044543;CIERRE DE EMPALME RHS 03-FOSC-M8;D;1044543;$ 123.23;EPFO
MATERIAL;EPFO;1044544;CIERRE DE EMPALME RHS01-24F2B-48C;D;1044544;$ 66.00;EPFO
MATERIAL;MISCELANEOS;20;CINTA AISLANTE;D;20;$ 0.57;MISCELANEOS
MATERIAL;FERRETERIA;26560;CINTA BAND IT DE 1/2;D;26560;$ 0.68;FERRETERIA
MATERIAL;MISCELANEOS;23042;CINTA D ADVERTENCIA C/ANARANJADO1500MT;D;23042;$ 0.28;MISCELANEOS
MATERIAL;MISCELANEOS;7157;CINTILLO 30 CM;D;7157;$ 8.00;MISCELANEOS
MATERIAL;MISCELANEOS;7224;CINTILLO DE 20 CMS;D;7224;$ 7.00;MISCELANEOS
MATERIAL;MISCELANEOS;19742;CINTURON DE NYLON MEDIANO 20CM;S;19742;S/ 0.01;MISCELANEOS
MATERIAL;FERRETERIA;19730;CLAMP TUERCA DE OJO, TUERCA DE 5/8 - J1092;S;19730;S/ 2.15;FERRETERIA
MATERIAL;FERRETERIA;6612;CURVA 3'' PVC - SAP;D;6612;$ 3.50;FERRETERIA
MATERIAL;MISCELANEOS;890;"DUCTO TELEFONICO C-PES 3"" X 6MTS";D;890;$ 9.45;MISCELANEOS
MATERIAL;MISCELANEOS;6484;"DUCTOS CURVOS DE PVC DE 4""";D;6484;$ 6.90;MISCELANEOS
MATERIAL;EPFO;15992;EMPALME ALAMBRE MENSAJERO;D;15992;$ 6.63;EPFO
MATERIAL;EPFO;16846;EMPALME PREFORMADO 3/16;D;16846;$ 1.26;EPFO
MATERIAL;MISCELANEOS;9656;ETIQUETA DE IDENTIFICACION;D;9656;$ 1.71;MISCELANEOS
MATERIAL;FERRETERIA;19752;FLEJE DE ACERO INOXIDABLE 3 / 4 - MAR206;S;19752;S/ 49.94;FERRETERIA
MATERIAL;MISCELANEOS;19846;FLEXODUCTO ANARANJADO;D;19846;$ 0.28;MISCELANEOS
MATERIAL;MISCELANEOS;19835;FLEXODUCTO AZUL;S;19835;S/ 0.28;MISCELANEOS
MATERIAL;MISCELANEOS;19836;FLEXODUCTO ROJO;S;19836;S/ 0.28;MISCELANEOS
MATERIAL;CABLE;22126;FO 24 FO-NZ monomodo armada seco, dispercion NZ Tipo G-655, IEC 60794 / ITU-T-G.655;D;22126;$ 2.00;CABLE
MATERIAL;FERRETERIA;19787;GRAPA TIPO CANDADO 3/16 - GRILLETE;S;19787;S/ 0.30;FERRETERIA
MATERIAL;FERRETERIA;15999;GRILLETES 5/16 (+137);D;15999;$ 1.86;FERRETERIA
MATERIAL;FERRETERIA;16062;GRILLETES PARA PUESTA A TIERRA MENSAJERO;D;16062;$ 1.65;FERRETERIA
MATERIAL;FERRETERIA;16104;HEBILLA PARA CABLE A TIERRA 3M;D;16104;$ 3.16;FERRETERIA
MATERIAL;FERRETERIA;19755;HEBILLA PARA FLEJE METALICO 3/4 - MAR256;S;19755;S/ 0.28;FERRETERIA
MATERIAL;FERRETERIA;19756;HERRAJE DE EXTENSION 60 cm CON TORNILLO 5/8 - EXT-031;S;19756;S/ 3.99;FERRETERIA
MATERIAL;FERRETERIA;19812;HERRAJE DE INICIO FIN ADSS;S;19812;S/ 5.92;FERRETERIA
MATERIAL;FERRETERIA;22440;HERRAJE DE TENSION - TENSAR CABLE FIBRA;D;22440;$ 1.33;FERRETERIA
MATERIAL;FERRETERIA;19758;HERRAJE DE TENSION TIPO D (CLE);S;19758;S/ 0.60;FERRETERIA
MATERIAL;FERRETERIA;19760;HERRAJE PARA RETENIDA - J25164;S;19760;S/ 1.52;FERRETERIA
MATERIAL;FERRETERIA;19808;HERRAJE PASANTE ADSS;D;19808;$ 5.98;FERRETERIA
MATERIAL;FERRETERIA;62;JUEGOS DE MARCOS Y TAPAS PARA CAMARAS TELEFONICAS;D;62;$ 252.00;FERRETERIA
MATERIAL;EPFO;19763;MANGA TERMOCONTRACTIL 1.5x48 - TCS2-15/17-48;S;19763;S/ 4.46;EPFO
MATERIAL;EPFO;1124;MANGA TERMOCONTRACTIL PARA PROTECCION DE EMPALMES MECANICOS;D;1124;$ 58.03;EPFO
MATERIAL;EPFO;26084;MANGA TERMOCONTRAIBLE SMOUV112002;D;26084;$ 0.27;EPFO
MATERIAL;EPFO;16814;MANGAS TERMOCONTRACTIL;D;16814;$ 37.10;EPFO
MATERIAL;MISCELANEOS;7413;NYLON DRISSA PARA GUIA 3/16Ñ(VIENEN EN CONOS);D;7413;$ 0.10;MISCELANEOS
MATERIAL;FERRETERIA;40;"PERNO ANGULAR CURVO DE 10"" X 5/8""";D;40;$ 1.95;FERRETERIA
MATERIAL;EPFO;240;PIGTAIL DE 4MTS.SM CON CONECTOR FC/PC;D;240;$ 14.53;EPFO
MATERIAL;EPFO;628;PIGTAIL SC/UPC MONOMODO 2M;D;628;$ 13.94;EPFO
MATERIAL;EPFO;9976;PIGTAIL WITH FC/PC CONNECTOR ONE END;S;9976;S/ 9.08;EPFO
MATERIAL;EPFO;19743;PLACA IDENTIFICADORA PARA CABLE F.O TRONCAL;S;19743;S/ 0.94;EPFO
MATERIAL;FERRETERIA;6069;POSTES TELEFONICOS DE 11 METROS;D;6069;$ 138.57;FERRETERIA
MATERIAL;FERRETERIA;6070;POSTES TELEFONICOS DE 9 METROS;D;6070;$ 106.80;FERRETERIA
MATERIAL;FERRETERIA;6565;PRECILLA PARA CINTA BANDIT;D;6565;$ 0.37;FERRETERIA
MATERIAL;FERRETERIA;16069;PREFORMADO 1/2 **;D;16069;$ 3.28;FERRETERIA
MATERIAL;FERRETERIA;45;"PREFORMADO AMARILLO DE ACERO DE 1/4""";D;45;$ 1.70;FERRETERIA
MATERIAL;FERRETERIA;24070;PREFORMADO DIAM 15.5 16.5MM LARGO 0.90CM VANO OPERACIÓN 200MT;D;24070;$ 10.89;FERRETERIA
MATERIAL;FERRETERIA;46;"PREFORMADO NEGRO DE ACERO DE 5/16""";D;46;$ 1.95;FERRETERIA
MATERIAL;MISCELANEOS;19770;REDUCTOR PARA PROTECTOR TUBO 3;S;19770;S/ 3.33;MISCELANEOS
MATERIAL;MISCELANEOS;50;"REDUCTOR PARA PROTECTOR,TUBO 4""";D;50;$ 3.80;MISCELANEOS
MATERIAL;EPFO;210;SMOUV-1120-02-US;D;210;$ 0.64;EPFO
MATERIAL;FERRETERIA;51;SOPORTE DE DISEÑO ESPECIAL (INCLUYE PERNO);D;51;$ 2.40;FERRETERIA
MATERIAL;FERRETERIA;8788;SUJETADOR INICIO O FINAL PARA CABLE ADSS;D;8788;$ 5.80;FERRETERIA
MATERIAL;FERRETERIA;53;"TEMPLADOR TIPO ""P""";D;53;$ 0.43;FERRETERIA
MATERIAL;FERRETERIA;1045929;"TEMPLADORES 5/8""X 12""";D;1045929;$ 1.00;FERRETERIA
MATERIAL;FERRETERIA;1045927;"TEMPLADORES 5/8""X 9""";D;1045927;$ 1.00;FERRETERIA
MATERIAL;EPFO;26311;TERMOCONTRAIBLE MANGA DIAMETRO 8.0 NEGRO;D;26311;$ 20.13;EPFO
MATERIAL;FERRETERIA;56;"VARILLA DE ANCLA DE 5/8"" X 11"" TIPO ""J""";D;56;$ 8.90;FERRETERIA
MATERIAL;FERRETERIA;57;"VARILLA DE ANCLA DE 7"" X 5/8""";D;57;$ 6.50;FERRETERIA
MATERIAL;FERRETERIA;30;CRUCETA PARA DESARROLLO DE CABLE;D;30;$ 8.40;FERRETERIA
MATERIAL;FERRETERIA;7146;ABRAZADERA 1 1/2Ñ CON 1 OREJA;D;7146;$ 0.10;FERRETERIA
MATERIAL;FERRETERIA;24126;ABRAZADERA 2'' DOBLE OREJA;D;24126;$ 0.37;FERRETERIA
MATERIAL;FERRETERIA;2;"ABRAZADERA DE FIERRO PARA PASTORAL DE 1 1/2"" EN 3/16"" X 1/2"" X 240MM";D;2;$ 3.10;FERRETERIA
MATERIAL;FERRETERIA;1;"ABRAZADERA DE FIERRO PARA PASTORAL DE 13"" X 1 1/2";D;1;$ 2.90;FERRETERIA
MATERIAL;FERRETERIA;268;ABRAZADERA DE NYLON 6.6 PARA MARCADO(PLF1MA-M4);S;268;S/ 0.33;FERRETERIA
MATERIAL;FERRETERIA;22721;ABRAZADERA DE RETENIDA LDS;D;22721;$ 0.37;FERRETERIA
MATERIAL;FERRETERIA;271;ABRAZADERA PAN-TY DE NYLON 6.6 PARA MARCADO;S;271;S/ 2.54;FERRETERIA
MATERIAL;FERRETERIA;3;ABRAZADERA PARA ANCLA J;D;3;$ 2.90;FERRETERIA
MATERIAL;FERRETERIA;738;"ABRAZADERA PARA CANALON TIPO U TUBO DE 3""";D;738;$ 1.60;FERRETERIA
MATERIAL;FERRETERIA;145;"ABRAZADERAS GALVANIZADAS 1 OERJA 1""";D;145;$ 0.11;FERRETERIA
MATERIAL;FERRETERIA;16838;AISLADOR CARRETE S/MARCA S/CLEVES;D;16838;$ 1.34;FERRETERIA
MATERIAL;CABLE;19803;ALAMBRE DE COBRE 6AWG - 6J YELLOW;S;19803;S/ 0.85;CABLE
MATERIAL;FERRETERIA;7;ALAMBRE PARA DEVANADO Y ATADURAS CALIBRE 07;D;7;$ 0.23;FERRETERIA
MATERIAL;MISCELANEOS;19724;ANCLA PARA CONO 3T -J7415;S;19724;S/ 6.30;MISCELANEOS
MATERIAL;FERRETERIA;7412;ANILLAS DE 1X1/4ÑZINCADA;D;7412;$ 0.01;FERRETERIA
MATERIAL;FERRETERIA;19788;ARANDELA (ROLDANA) CUADRADA 1/5;S;19788;S/ 0.31;FERRETERIA
MATERIAL;FERRETERIA;24132;"ARANDELA DE 3/8""";D;24132;$ 0.37;FERRETERIA
MATERIAL;FERRETERIA;24125;BLOCK DE CONCRETO 40X40CM;D;24125;$ 0.37;FERRETERIA
MATERIAL;FERRETERIA;208;BOCL-20-1636-KIT (CLIP DE DERIVACION);D;208;$ 11.48;FERRETERIA
MATERIAL;MISCELANEOS;18619;Brazo de fierro galvanizado , abrazadera al;S;18619;S/ 46.97;MISCELANEOS
MATERIAL;MISCELANEOS;6833;"BRAZO DE RIOSTRA TUBO DE 2"",SOLDADO CON SOPORTE ""J""";D;6833;$ 9.25;MISCELANEOS
MATERIAL;MISCELANEOS;22116;BRAZO DE SEGURIDAD PARA FIERRO;D;22116;$ 45.15;MISCELANEOS
MATERIAL;MISCELANEOS;23835;BRAZO DE SEGURIDAD PARA MINI NODO;D;23835;$ 59.92;MISCELANEOS
MATERIAL;MISCELANEOS;20437;BRAZO DE SEGURIDAD REGULABLE PARA AMPLIFICADOR GS7000NODE EN POSTE DE CMT;S;20437;S/ 67.77;MISCELANEOS
MATERIAL;MISCELANEOS;20438;BRAZO DE SEGURIDAD REGULABLE PARA GM LE AGC EN POSTE DE CEMENTO;S;20438;S/ 48.59;MISCELANEOS
MATERIAL;MISCELANEOS;20436;BRAZO DE SEGURIDAD REGULABLE PARA AMPLIFICADOR GNMKRHGBT O GD POSTE DE CMT;S;20436;S/ 45.10;MISCELANEOS
MATERIAL;MISCELANEOS;13;Brazo para Ancla Vertical;D;13;$ 7.95;MISCELANEOS
MATERIAL;MISCELANEOS;13;"BRAZO PARA RIOSTRA VERTICAL DE TUBO 2""";D;13;$ 7.95;MISCELANEOS
MATERIAL;MISCELANEOS;22052;BRAZO VERTICAL 0.80M PARA RETENIDA ESPECIFICACIONES LDS;D;22052;$ 6.13;MISCELANEOS
MATERIAL;MISCELANEOS;15962;BRAZO VERTICAL S/MARCA 0.4 CM;D;15962;$ 5.10;MISCELANEOS
MATERIAL;CABLE;24086;CABLE 96F-SM ANTIROEDOR 69199 96 1 AM;D;24086;$ 2.08;CABLE
MATERIAL;CABLE;19783;CABLE DE ACERO 1/4 Y RETENIDA RIOSTRA DE 3T- EHS2 / 4IMP;D;19783;$ 0.36;CABLE
MATERIAL;CABLE;24917;CABLE FHD-XJ1A-0080M ACOMETIDA EXTREMOS LONGITUD  (80 METROS);D;24917;$ 90.87;CABLE
MATERIAL;CABLE;14;"Cable mensajero 1/4""";D;14;$ 0.32;CABLE
MATERIAL;CABLE;19783;"Cable mensajero 5/16""";D;19783;$ 0.36;CABLE
MATERIAL;EPFO;21604;Caja de pared con llave para terminación de fibra (Centros Comerciales y Edificios);S;21604;S/ 225.07;EPFO
MATERIAL;FERRETERIA;24127;CAJA DE PASO 8X8X6 GALVANIZADA;D;24127;$ 0.37;FERRETERIA
MATERIAL;FERRETERIA;7125;CAJA DE PASO METALICA 40X40X20 CM;D;7125;$ 18.27;FERRETERIA
MATERIAL;FERRETERIA;7676;"CAJA GALVANIZADA C/TAPA DE 10"" X 10"" X 4""";S;7676;S/ 5.84;FERRETERIA
MATERIAL;FERRETERIA;32;CHAPA DE CRUCE;D;32;$ 1.50;FERRETERIA
MATERIAL;FERRETERIA;33;CHAPA DE SUJECION DE FIERRO;D;33;$ 3.25;FERRETERIA
MATERIAL;FERRETERIA;19726;Chapa de suspensión;S;19726;S/ 2.49;FERRETERIA
MATERIAL;FERRETERIA;8787;CHAPA DE SUSPENSION PARA CABLE ADSS;D;8787;$ 5.46;FERRETERIA
MATERIAL;FERRETERIA;16085;CHAPA SUJECION (DOS PERNOS);D;16085;$ 2.66;FERRETERIA
MATERIAL;FERRETERIA;15982;CHAPA SUJECION (TRES PERNOS);D;15982;$ 1.24;FERRETERIA
MATERIAL;FERRETERIA;16141;CHAPITA DE ABRAZADERA;D;16141;$ 0.01;FERRETERIA
MATERIAL;EPFO;193;CIERRE DE EMPALME AEREO (MUFA);S;193;$ 108.13;EPFO
MATERIAL;EPFO;26089;CIERRE EMPALME SIRTEL RHS03 FOSC-M8+2B+1;D;26089;$ 114.60;EPFO
MATERIAL;MISCELANEOS;19809;CINTA ADHESIVA DOBLE CONTACTO 3M;S;19809;$ 24.37;MISCELANEOS
MATERIAL;MISCELANEOS;15966;CINTA AISLANTE 3M - 23;D;15966;$ 0.82;MISCELANEOS
MATERIAL;MISCELANEOS;19816;CINTA ALUMINIO SHURTAPE;S;19816;$ 5.18;MISCELANEOS
MATERIAL;FERRETERIA;6575;CINTA DE ACERO BANDIT X 30;D;6575;$ 0.73;FERRETERIA
MATERIAL;FERRETERIA;21;"CINTA DE ACERO DE 1/2"" ANCHO, 1/32"" ESPESOR X 36M";D;21;$ 20.50;FERRETERIA
MATERIAL;MISCELANEOS;19795;CINTA ESPUMA 662 DE 1/2X30M;S;19795;$ 5.30;MISCELANEOS
MATERIAL;MISCELANEOS;22;cinta vulcanizante;D;22;$ 31.68;MISCELANEOS
MATERIAL;MISCELANEOS;21629;Cinta Vulcanizante de 50.8 mm x 3.1 m y 1651 mm;S;21629;$ 12.40;MISCELANEOS
MATERIAL;MISCELANEOS;19818;CINTILLO AMARRACABLE 23CM;S;19818;$ 0.37;MISCELANEOS
MATERIAL;MISCELANEOS;19801;CINTILLO AMARRACABLE 38 CM;S;19801;$ 0.02;MISCELANEOS
MATERIAL;MISCELANEOS;6878;CINTILLO DE 15 CM;D;6878;$ 7.00;MISCELANEOS
MATERIAL;MISCELANEOS;19757;CINTILLO DE NYLON 25 CM;S;19757;$ 0.02;MISCELANEOS
MATERIAL;MISCELANEOS;19735;CINTILLO METALICO DE 10 - 3408911;S;19735;$ 0.13;MISCELANEOS
MATERIAL;MISCELANEOS;19738;CINTILLO METALICO DE 16 - 3408921;D;19738;$ 2.60;MISCELANEOS
MATERIAL;MISCELANEOS;7414;CINTILLO NYLON PARA AMARRE 10CM STANDAR 1/2CM DIAMETRO;D;7414;$ 0.40;MISCELANEOS
MATERIAL;MISCELANEOS;19739;CINTILLO PARA SOPORTE DE 10 - TAS100M;S;19739;$ 0.23;MISCELANEOS
MATERIAL;MISCELANEOS;19740;CINTILLO PARA SOPORTE DE 7 - TAS100R;D;19740;$ 0.26;MISCELANEOS
MATERIAL;MISCELANEOS;19797;CINTILLO TIPO BANDERA NYLON 10CM;S;19797;$ 0.01;MISCELANEOS
MATERIAL;MISCELANEOS;23048;CINTILLOS DE 200 x 3.6 MM BLANCOS;D;23048;$ 0.37;MISCELANEOS
MATERIAL;FERRETERIA;19727;CLAMP DE SUSPENSION DE 3 BOLT - 2809610;S;19727;$ 3.95;FERRETERIA
MATERIAL;MISCELANEOS;24868;COBERT DE 1/2 TENSIÓN 15KV MVLC-14-A/U-C;D;24868;$ 1.00;MISCELANEOS
MATERIAL;FERRETERIA;24130;"CODO DE 1 """;D;24130;$ 0.37;FERRETERIA
MATERIAL;FERRETERIA;24129;"CODO DE 3""";D;24129;$ 0.37;FERRETERIA
MATERIAL;FERRETERIA;9752;COLLARIN 4 GANCHOS (PARA POSTE DE 11 MTS.);D;9752;$ 5.05;FERRETERIA
MATERIAL;FERRETERIA;23;"COLLARIN DE METAL DE 3/16"" X 1/2"" X 150 MM";D;23;$ 2.10;FERRETERIA
MATERIAL;FERRETERIA;24;"COLLARIN DE METAL DE 3/16"" X 1/2"" X 240 MM";D;24;$ 3.10;FERRETERIA
MATERIAL;FERRETERIA;7301;CRUCETA CONCRETO ARMADO SIMETRICO DE 1.20 MT;S;7301;$ 10.55;FERRETERIA
MATERIAL;FERRETERIA;16083;CRUCETAS;D;16083;$ 10.11;FERRETERIA
MATERIAL;FERRETERIA;19820;"CURVA PARA TUBO SAP 1/2"" DE 90°";S;19820;$ 0.17;FERRETERIA
MATERIAL;FERRETERIA;652;"CURVA PLASTICA 1"" SAP";D;652;$ 0.76;FERRETERIA
MATERIAL;FERRETERIA;119;"CURVA PLASTICA 2"" SAP";D;119;$ 1.15;FERRETERIA
MATERIAL;FERRETERIA;6153;"CURVA PLASTICA 3""";S;6153;$ 6.50;FERRETERIA
MATERIAL;FERRETERIA;120;"CURVA PLASTICA 3/4"" SAP";D;120;$ 0.17;FERRETERIA
MATERIAL;FERRETERIA;19733;CURVAS DE PVC TCP 45§ x 3x 1 mt;S;19733;$ 6.28;FERRETERIA
MATERIAL;FERRETERIA;1087;"CURVAS PVC-P 1""";D;1087;$ 0.76;FERRETERIA
MATERIAL;MISCELANEOS;19357;ECUALIZADOR FWD PARA CALIBRACION DE GM 1.5DB;S;19357;$ 8.56;MISCELANEOS
MATERIAL;FERRETERIA;21608;Elemento de fijación de miembro central;S;21608;$ 12.08;FERRETERIA
MATERIAL;EPFO;15990;ELEMENTO DE MONTAJE AEREO PARA TAP **;D;15990;$ 2.16;EPFO
MATERIAL;EPFO;15991;EMPALME .750;D;15991;$ 7.57;EPFO
MATERIAL;MISCELANEOS;16880;ESPACIADOR DE CABLE;D;16880;$ 0.03;MISCELANEOS
MATERIAL;FERRETERIA;24527;ESTRUCTURA DE ACERO PARA SOPORTAR GABINETE FUENTE ALPHA XM2-906G6-230V/60Hz,EN CAMARA;D;24527;$ 57.28;FERRETERIA
MATERIAL;MISCELANEOS;303;ETIQUETA AUTOLAMINABLE PARA CABLE DE FO;D;303;$ 3.75;MISCELANEOS
MATERIAL;MISCELANEOS;14447;ETIQUETA IDENTIFICACION CABLE;S;14447;$ 65.52;MISCELANEOS
MATERIAL;FERRETERIA;16723;FIJACION, POSTE CAC 9/250/140/275 TELEFO;D;16723;$ 812.49;FERRETERIA
MATERIAL;FERRETERIA;19753;Fleje de acero inoxidable 5-8 MAR205;S;19753;$ 26.60;FERRETERIA
MATERIAL;FERRETERIA;19754;GRAPA DE CRUCE PARA STRAND 1/8 - J25564;S;19754;$ 3.67;FERRETERIA
MATERIAL;FERRETERIA;6287;GRAPA PARA VARILLA DE PUESTA A TIERRA (CONECTOR DE COBRE)5/8;D;6287;$ 1.76;FERRETERIA
MATERIAL;FERRETERIA;9753;GRAPA TIPO S-A;D;9753;$ 0.57;FERRETERIA
MATERIAL;FERRETERIA;15998;GRAPAS PARA TIERRA EN MENSAJERO;D;15998;$ 1.30;FERRETERIA
MATERIAL;FERRETERIA;7524;GRILLETE DE 1/2ÑX 3/8Ñ;D;7524;$ 0.75;FERRETERIA
MATERIAL;FERRETERIA;36;"GRILLETE DE 1/4""";D;36;$ 0.21;FERRETERIA
MATERIAL;FERRETERIA;37;"GRILLETE DE 3/8""";D;37;$ 0.44;FERRETERIA
MATERIAL;FERRETERIA;22750;GRILLETE DE SEGURIDAD PARA BRAZO MOTOROLA;D;22750;$ 4.40;FERRETERIA
MATERIAL;FERRETERIA;23216;GRILLETE PARA MODULO DE FUENTE ALPHA;D;23216;$ 0.37;FERRETERIA
MATERIAL;FERRETERIA;16000;GRILLETES PARA PUESTA AEREA;D;16000;$ 0.13;FERRETERIA
MATERIAL;FERRETERIA;19789;HEBILLA PARA FLEJE METALICO 5/8 - MAR255;D;19789;$ 5.37;FERRETERIA
MATERIAL;FERRETERIA;19804;HERRAJE DE EXTENSION 40 cm C/TORNILLO 5/8 - EXT-030;D;19804;$ 4.07;FERRETERIA
MATERIAL;FERRETERIA;22904;HERRAJE DE EXTENSION 80CM C/TORNILLO 5/8;D;22904;$ 1.00;FERRETERIA
MATERIAL;FERRETERIA;19830;HERRAJE DE EXTENSION ESPECIAL DE 100 CM;D;19830;$ 7.47;FERRETERIA
MATERIAL;FERRETERIA;19761;HERRAJE DE TANGENTE SENCILLO - D041005;S;19761;$ 1.95;FERRETERIA
MATERIAL;FERRETERIA;540;HUACHA PLANA 3/16;D;540;$ 0.06;FERRETERIA
MATERIAL;MISCELANEOS;7147;JUEGO COMPLETO ESPARRAGO COLGANTE CON 2 VARILLAS + 4 TUERCAS + 4 ARANDELAS;D;7147;$ 2.65;MISCELANEOS
MATERIAL;MISCELANEOS;21943;KIT ANCLA 2.4M (ARANDELA + ARANDELA PRESION+TUERCA+CONTRATUERCA) ANCLA 2.40M TIPO VARILLA SOLDADA D;S;21943;$ 6.32;MISCELANEOS
MATERIAL;MISCELANEOS;11160;KIT CON CLIP DE DERIVACION MEDIANO;D;11160;$ 16.08;MISCELANEOS
MATERIAL;MISCELANEOS;21607;Kit de sellado para puerto oval;S;21607;$ 47.47;MISCELANEOS
MATERIAL;EPFO;19764;MANGA TERMOCONTRAIBLE 6AWG ROJO;S;19764;$ 0.89;EPFO
MATERIAL;EPFO;16105;MANGAS TERMOCONTRACTIL CABLE RG-11;D;16105;$ 3.98;EPFO
MATERIAL;EPFO;8775;MODULO DE EMPALMES Y CONECTORES DE 48 PUERTOS;D;8775;$ 127.50;EPFO
MATERIAL;EPFO;8776;MODULO DE EMPALMES Y CONECTORES DE 96 PUERTOS;D;8776;$ 150.00;EPFO
MATERIAL;FERRETERIA;9759;"OBTURADOR DE 3"" DE PVC (TDUX-90-S504)";D;9759;$ 34.02;FERRETERIA
MATERIAL;FERRETERIA;7299;PASTORAL CONCRETO ARMADO VIBRADO MODELO PARABOLICO SIMPLE;S;7299;$ 17.96;FERRETERIA
MATERIAL;FERRETERIA;39;"PASTORAL RECTO DE TUBO 2M DE LARGO X 5/8 DIAMETRO,ESPESOR 1/8""";D;39;$ 13.21;FERRETERIA
MATERIAL;FERRETERIA;515;PERILLA AISLADOR TIPO T SIMPLE;S;515;$ 1.28;FERRETERIA
MATERIAL;FERRETERIA;7300;PERILLA CA PARA POSTE DE 120MMD;S;7300;$ 0.31;FERRETERIA
MATERIAL;FERRETERIA;512;"PERNO DOBLE ARMADO 5/8"" X 16"" CON 4 TUERCAS";D;512;$ 2.05;FERRETERIA
MATERIAL;FERRETERIA;645;"PERNO DOBLE ARMADO 5/8"" X 17"" CON 4 TUERCAS";D;645;$ 2.20;FERRETERIA
MATERIAL;FERRETERIA;41;"PERNO PASANTE CABEZA CUADRADA DE 10"" X 5/8""";D;41;$ 1.00;FERRETERIA
MATERIAL;FERRETERIA;42;"PERNO PASANTE RECTO DE 10"" X 5/8""";D;42;$ 1.00;FERRETERIA
MATERIAL;EPFO;236;PIGTAIL DE 2MTS SM CON CONECTOR FC/PC;D;236;$ 42.61;EPFO
MATERIAL;EPFO;1122;PIG-TAIL FIBRA OPTICA SIMPLEX SC (UPC) MULTIMODO 1.5-M;D;1122;$ 7.39;EPFO
MATERIAL;FERRETERIA;6955;POSTE CAC 9/250/140/275 TELEFONICO;D;6955;$ 75.00;FERRETERIA
MATERIAL;FERRETERIA;43;POSTE DE ALUMBRADO DE CONCRETO DE 11M;D;43;$ 108.30;FERRETERIA
MATERIAL;FERRETERIA;44;POSTE DE ALUMBRADO DE CONCRETO DE 9M;D;44;$ 76.91;FERRETERIA
MATERIAL;FERRETERIA;9945;POSTE TELEFONICO DE 13 METROS;D;9945;$ 365.00;FERRETERIA
MATERIAL;FERRETERIA;24945;PREFORMADO AZUL DE ACERO;D;24945;$ 0.28;FERRETERIA
MATERIAL;FERRETERIA;47;"PREFORMADO ROJO DE ACERO DE 3/16""";D;47;$ 1.60;FERRETERIA
MATERIAL;FERRETERIA;48;"PRESILLA DE 1/2"" PARA CINTA DE ACERO";D;48;$ 0.18;FERRETERIA
MATERIAL;FERRETERIA;16006;PROTECTOR CABLE U **;D;16006;$ 6.47;FERRETERIA
MATERIAL;FERRETERIA;11175;PROTECTOR DE 5 PUNTOS PARA REGLETA QDF HIBRIDO;D;11175;$ 4.96;FERRETERIA
MATERIAL;FERRETERIA;19799;PROTECTOR DE PVC P/CRUCE CABLE PTG0143;D;19799;$ 5.18;FERRETERIA
MATERIAL;MISCELANEOS;16007;PROTECTOR DE RIOSTRA (METAL);D;16007;$ 6.63;MISCELANEOS
MATERIAL;MISCELANEOS;49;"PROTECTOR DE RIOSTRA DE 1/16"" X 7.5""";D;49;$ 5.25;MISCELANEOS
MATERIAL;MISCELANEOS;6572;"PROTECTOR DE RIOSTRA METALICO DE 1/16"" X 7.5""";D;6572;$ 4.82;MISCELANEOS
MATERIAL;MISCELANEOS;19768;PROTECTOR PVC PARA RETENIDA RIOSTRA - PG55166;S;19768;$ 9.91;MISCELANEOS
MATERIAL;MISCELANEOS;7410;PROTECTOR RIOSTRA DE 7.5 X 1/19Ñ(TIPO TELEFONICO);D;7410;$ 5.25;MISCELANEOS
MATERIAL;FERRETERIA;644;"REDUCTOR PARA PROTECTOR ,TUBO 3""";D;644;$ 3.00;FERRETERIA
MATERIAL;FERRETERIA;19798;REMATE TIPO PREFORMADO PARA GUIA DIAM 3/16 ROJO;S;19798;$ 0.84;FERRETERIA
MATERIAL;FERRETERIA;19772;REMATE TIPO PREFORMADO PARA GUIA DIAM 6.3 MM - MARGDE1104;D;19772;$ 1.66;FERRETERIA
MATERIAL;EPFO;15927;RESERVA PARA CABLE;D;15927;$ 51.52;EPFO
MATERIAL;EPFO;16099;RESERVA PARA F.O CHICA;D;16099;$ 36.00;EPFO
MATERIAL;EPFO;16097;RESERVA PARA F.O GRANDE;D;16097;$ 80.81;EPFO
MATERIAL;EPFO;16098;RESERVA PARA F.O. MEDIANA;D;16098;$ 53.61;EPFO
MATERIAL;EPFO;24577;SEGURO CAJA EMPALME SUBTER PLANCHA ACERO;D;24577;$ 50.24;EPFO
MATERIAL;EPFO;13412;SEGURO DE MUFA;D;13412;$ 77.51;EPFO
MATERIAL;FERRETERIA;19810;SOPORTE DISEÑO ESPECIAL PARA ACOMETIDA;S;19810;$ 2.42;FERRETERIA
MATERIAL;FERRETERIA;19774;SOPORTE DISEÑO ESPECIAL PARA CHAPA SUSPENSION;D;19774;$ 1.00;FERRETERIA
MATERIAL;FERRETERIA;16009;SOPORTE FINAL DE EDIFICIO;D;16009;$ 3.60;FERRETERIA
MATERIAL;FERRETERIA;7112;SOPORTE PARA APOYO DE ACOMETIDA (DISEÑO ESPECIAL);D;7112;$ 1.71;FERRETERIA
MATERIAL;FERRETERIA;52;"SOPORTE TIPO ""J""";D;52;$ 0.92;FERRETERIA
MATERIAL;FERRETERIA;19776;SOPORTE TIPO JOTA PARA JUEGO SUSPENSION DIELECTRICA;D;19776;$ 0.62;FERRETERIA
MATERIAL;FERRETERIA;16011;"SUJET ALAMBRE MENSJERO ENSTON 1/4""";D;16011;$ 0.38;FERRETERIA
MATERIAL;FERRETERIA;16103;SUJETADOR DE 3/4 **;D;16103;$ 0.20;FERRETERIA
MATERIAL;FERRETERIA;16012;SUJETADOR DE ACLAJE;D;16012;$ 0.28;FERRETERIA
MATERIAL;FERRETERIA;364;SUJETADOR DE CONECTORES TIPO 43;S;364;$ 47.39;FERRETERIA
MATERIAL;FERRETERIA;54;SUJETADOR DE MEDIO TRAMO;D;54;$ 0.90;FERRETERIA
MATERIAL;FERRETERIA;16126;SUJETADOR DE TAP;D;16126;$ 0.17;FERRETERIA
MATERIAL;FERRETERIA;16013;SUJETADOR DE TRAMO-CHAPA Q;D;16013;$ 0.63;FERRETERIA
MATERIAL;EPFO;16165;SUJETADORES AEREOS P/CAJA EMPALME;D;16165;$ 26.39;EPFO
MATERIAL;FERRETERIA;410;"SUJETADORES DE CABLE Y ENSAMBLAJE DE BASE (1"" X 1"")";S;410;$ 0.31;FERRETERIA
MATERIAL;MISCELANEOS;14698;Tapa para cámara subterránea;S;14698;$ 153.50;MISCELANEOS
MATERIAL;MISCELANEOS;245;T-DUX-100-KIT-SPN;D;245;$ 27.32;MISCELANEOS
MATERIAL;MISCELANEOS;244;T-DUX-90-S5014;S;244;$ 42.78;MISCELANEOS
MATERIAL;MISCELANEOS;246;TDUX-IG-SR-AS-S4040;S;246;$ 213.68;MISCELANEOS
MATERIAL;MISCELANEOS;16283;Terminales Uña;D;16283;$ 0.29;MISCELANEOS
MATERIAL;FERRETERIA;514;"TORNILLO ANGULAR 1/4"" X 5";D;514;$ 0.50;FERRETERIA
MATERIAL;FERRETERIA;7571;TUBERIA FLEXIBLE 3/4?;D;7571;$ 5.89;FERRETERIA
MATERIAL;FERRETERIA;7155;"Tubería flexible de 1 1/4"" color gris";D;7155;$ 1.56;FERRETERIA
MATERIAL;FERRETERIA;150;"Tubería Flexible de metal de 2""";D;150;$ 12.40;FERRETERIA
MATERIAL;FERRETERIA;563;"TUBO CORRUGADO 1/2"" METALICO";S;563;$ 0.28;FERRETERIA
MATERIAL;FERRETERIA;564;"TUBO CORRUGADO DE 3/4"". METALICO";D;564;$ 0.28;FERRETERIA
MATERIAL;FERRETERIA;24073;"TUBO DE FIERRO GALVANIZADO DE 1"" X 3 MT";D;24073;$ 0.37;FERRETERIA
MATERIAL;FERRETERIA;152;"TUBO FLEX 3/4""";D;152;$ 0.60;FERRETERIA
MATERIAL;MISCELANEOS;19779;TUBO LUZ SAP 1/2 x 3M;S;19779;$ 0.84;MISCELANEOS
MATERIAL;FERRETERIA;597;"TUBO PLASTICO ELECTRICO 1"" SAP";S;597;$ 3.91;FERRETERIA
MATERIAL;FERRETERIA;529;"TUBO PLASTICO ELECTRICO 3"" SAP";S;529;$ 17.49;FERRETERIA
MATERIAL;FERRETERIA;16045;"TUBO PVC LUZ SAP 1"""" x 3 MTS";D;16045;$ 2.24;FERRETERIA
MATERIAL;FERRETERIA;24075;"TUBO PVC-SAP 1""";D;24075;$ 0.37;FERRETERIA
MATERIAL;FERRETERIA;7121;"TUERCA 3/8"" HEXAGONAL";D;7121;$ 0.02;FERRETERIA
MATERIAL;FERRETERIA;16140;TUERCA CABEZA REDONDA;D;16140;$ 0.01;FERRETERIA
MATERIAL;FERRETERIA;16047;TUERCA DE OJO;D;16047;$ 1.95;FERRETERIA
MATERIAL;FERRETERIA;16046;"TUERCA GALVANIZADA 1/2""";D;16046;$ 0.37;FERRETERIA
MATERIAL;FERRETERIA;55;"TUERCA OJO DE 5/8""";D;55;$ 1.60;FERRETERIA
MATERIAL;FERRETERIA;539;TUERCA ZINCADA ROSCA CORRIENTE 3/8;S;539;$ 0.04;FERRETERIA
MATERIAL;FERRETERIA;653;"UNION PLASTICA 1"" SAP";S;653;$ 0.24;FERRETERIA
MATERIAL;FERRETERIA;654;"UNION PLASTICA 3"" SA";S;654;$ 1.87;FERRETERIA
MATERIAL;FERRETERIA;7145;UNION PVC 1 1/2?SAP;S;7145;$ 0.49;FERRETERIA
MATERIAL;FERRETERIA;16048;"VARILLA DE ANCLAJE 1/2"" X 1.80";D;16048;$ 4.34;FERRETERIA
MATERIAL;FERRETERIA;16049;VARILLA DE BRONCE;D;16049;$ 2.16;FERRETERIA
MATERIAL;FERRETERIA;16127;VARILLA DE BRONCE 3 MTS;D;16127;$ 2.89;FERRETERIA
MATERIAL;FERRETERIA;7120;"VARILLA ROSCADA GALVANIZADA 3/8"" X 60 CM";D;7120;$ 1.10;FERRETERIA
MATERIAL;FERRETERIA;21942;ZAPATA PARA ANCLAJE DE VIENTO - CRUZ CONCRETO ARMADO C/ SUPERFICIE LISA;S;21942;$ 7.88;FERRETERIA
;;;;;;;
MATERIAL;STOCK_CLARO;1043106;C OADSS85 CX87 DDE DL 48SMF BK WRL;S;1043106;S/ 0.00;STOCK_CLARO
MATERIAL;STOCK_CLARO;1004697;CABLE ADSS-96 HILOS F.O. MONOMODO;S;1004697;S/ 0.00;STOCK_CLARO
MATERIAL;STOCK_CLARO;1004200;CABLE ADSS 4000N (69186) 24 HILOS F.O.SM;S;1004200;S/ 0.00;STOCK_CLARO
MATERIAL;STOCK_CLARO;1004201;CABLE ADSS 4000N (69186) 12 HILOS F.O.SM;S;1004201;S/ 0.00;STOCK_CLARO
MATERIAL;STOCK_CLARO;1002864;CABLE ADSS-48 HILOS F.O. MONOMODO;S;1002864;S/ 0.00;STOCK_CLARO
MATERIAL;STOCK_CLARO;1004219;CABLE ADSS 4000N (69186) 96 HILOS F.O.SM;S;1004219;S/ 0.00;STOCK_CLARO
MATERIAL;STOCK_CLARO;1002863;CABLE ADSS-24 HILOS F.O. MONOMODO;S;1002863;S/ 0.00;STOCK_CLARO
MATERIAL;STOCK_CLARO;1047541;CABLE ADSS-144 HILOS SM - G.652D SPAN 250 M;S;1047541;S/ 0.00;STOCK_CLARO
MATERIAL;STOCK_CLARO;1043105;C OADSS60 CX87 DDE DL 48SMF BK WRL;S;1043105;S/ 0.00;STOCK_CLARO
MATERIAL;STOCK_CLARO;1004177;CABLE ADSS 4000N (69186) 48 HILOS F.O.SM;S;1004177;S/ 0.00;STOCK_CLARO
;;;;;;;
ACTIVIDAD;TRANSPORTE;20075;TRASLADO DE PERSONAL Y EQUIPO A PUNTO DE AVERIA;S;20075;S/ 94.40;TRANSPORTE
ACTIVIDAD;TRANSPORTE;11785;TRASLADO DEL PERSONAL VIA TERRESTRE PARA REALIZAR TRABAJOS EN PROVINCIA;S;11785;S/ 570.00;TRANSPORTE
ACTIVIDAD;VIATICOS;11884;Alimentacion (costo por día por persona);S;11884;S/ 50.00;VIATICOS
ACTIVIDAD;EXCAVACION_DEMOLICION;14749;ALQUILER HORA DE GRUA;S;14749;S/ 150.00;EXCAVACION_DEMOLICION
ACTIVIDAD;VIATICOS;11883;Hospedaje(costo por día por persona);S;11883;S/ 80.00;VIATICOS
ACTIVIDAD;EXCAVACION_DEMOLICION;13615;DEMOLICION DE PAVIMENTO CUALQUIER TIPO ( Ver, Asf, Conc, Adoq, Emp, etc) INC. ELIMINACION DE DESMONTE.;S;13615;S/ 201.70;EXCAVACION_DEMOLICION
ACTIVIDAD;EXCAVACION_DEMOLICION;12050;ELIMINACIÓN DE DESMONTE (INCLUYE ESPONJAMIENTO);S;12050;S/ 19.36;EXCAVACION_DEMOLICION
ACTIVIDAD;CONCRETO_CIMENTACION;13620;REPOSICION DE CONCRETO f'c=210kg/cm2 (f'c=175 kg/cm2);S;13620;S/ 417.33;CONCRETO_CIMENTACION
ACTIVIDAD;POSTES;20029;RETIRAR POSTE CONCRETO (CHATARRA);S;20029;S/ 38.10;POSTES
ACTIVIDAD;POSTES;13472;INSTALACION DE POSTE DE CONCRETO NUEVO SOBRE SUPERFICIE TIERRA/JARDIN;S;13472;S/ 88.50;POSTES
ACTIVIDAD;POSTES;20028;RETIRAR POSTE CONCRETO (REUTILIZABLE);S;20028;S/ 53.20;POSTES
ACTIVIDAD;TRANSPORTE;10746;DESPLAZAMIENTO DEL PERSONAL Y SUS HERRAMIENTAS NECESARIAS PARA REALIZAR TRABAJOS EN PROVINCIAS POR MEDIO TERRESTRE;S;10746;S/ 174.00;TRANSPORTE
ACTIVIDAD;POSTES;13471;INSTALACION DE POSTE DE CONCRETO NUEVO SOBRE SUPERFICIE VEREDA;S;13471;S/ 93.40;POSTES
ACTIVIDAD;POSTES;20011;INSTALAR POSTE DE CONCRETO EN TIERRA O JARDIN;S;20011;S/ 88.50;POSTES
ACTIVIDAD;POSTES;20000;APLICAR IGOL A POSTE DE CONCRETO INSTALADO;S;20000;S/ 6.90;POSTES
ACTIVIDAD;TRANSPORTE;15010;TRANSPORTE DE MATERIALES, EQUIPOS Y HERRAMIENTAS HASTA PIE DE OBRA, UTILIZANDO CAMION FURGÓN DE 5 TN ( EN KM);S;15010;S/ 2.19;TRANSPORTE
ACTIVIDAD;POSTES;20012;INSTALAR POSTE DE CONCRETO EN VEREDA O PISTA;S;20012;S/ 93.40;POSTES
ACTIVIDAD;CONCRETO_CIMENTACION;PEX-852;Soldar tapa de cámara;S;PEX-852;S/ 74.05;CONCRETO_CIMENTACION
ACTIVIDAD;EXCAVACION_DEMOLICION;PEX-820;Excavación en terreno normal, hasta 2.5 m Manual;S;PEX-820;S/ 24.78;EXCAVACION_DEMOLICION
ACTIVIDAD;CANALIZACION_DUCTOS;14929;CONFECCIONAR MEDIA CAÑA EN DUCTO EXISTENTE CON CABLE - Incluye movilidad;S;14929;S/ 13.65;CANALIZACION_DUCTOS
ACTIVIDAD;CANALIZACION_DUCTOS;14736;CONTRATISTA.- GESTION MUNICIPAL CANALIZACION E INSTALACION DE TELEFONO PUBLICO;S;200;S/ 200.00;CANALIZACION_DUCTOS
ACTIVIDAD;OTROS;12053;FIERRO CORRUGADO COLOCADO;S;12053;S/ 1.92;OTROS
ACTIVIDAD;TRANSPORTE;12432;MOVILIZACIONES POR EMERGENCIA Y/O ESTADIA ADICIONAL;S;12432;S/ 1.00;TRANSPORTE
ACTIVIDAD;POSTES;15003;INSTALACION DE POSTE DE CONCRETO NUEVO SOBRE VEREDA O ASFALTO - Incluye movilidad;S;15003;S/ 130.76;POSTES
ACTIVIDAD;EXCAVACION_DEMOLICION;12109;DEMOLICION DE PAVIMENTO EN SUPERFICIES DE CONCRETO (PISTAS, VEREDAS, ADOQUINES, EMPEDRADO), EMPLEANDO MINICARGADOR CON MARTILLO PERCUTOR, INCLUYE ELIMINACION DE ESCOMBROS;S;12109;S/ 156.82;EXCAVACION_DEMOLICION
ACTIVIDAD;CONCRETO_CIMENTACION;12066;TARRAJEO Y ENLUCIDO CON MORTERO 1:5;S;12066;S/ 9.81;CONCRETO_CIMENTACION
ACTIVIDAD;CANALIZACION_DUCTOS;14768;CANALIZACION DE 1 VIA BAJO VEREDA;S;14768;S/ 165.00;CANALIZACION_DUCTOS
ACTIVIDAD;POSTES;20006;INSTALAR ANCLA NORMAL EN TIERRA;S;20006;S/ 73.80;POSTES
ACTIVIDAD;CONCRETO_CIMENTACION;13618;ENCOFRADO Y DESENCOFRADO;S;13618;S/ 57.01;CONCRETO_CIMENTACION
ACTIVIDAD;POSTES;13847;Enderezamiento de Poste Concreto CAC sobre Superficie Tierra / Jardín;S;13847;S/ 125.66;POSTES
ACTIVIDAD;POSTES;13529;Instalación de Dado de Concreto en Poste con Cimentación en la base - Superficie Tierra / jardín;S;13529;S/ 223.46;POSTES
ACTIVIDAD;EXCAVACION_DEMOLICION;12123;DEMOLICIÓN DE CONCRETO ARMADO;S;12123;S/ 241.19;EXCAVACION_DEMOLICION
ACTIVIDAD;POSTES;13806;BASAMENTO PARA POSTE TELEFONICO DE 9.0 mts.;S;13806;S/ 92.40;POSTES
ACTIVIDAD;CANALIZACION_DUCTOS;PEX-807;CONFECCIONAR MEDIA CAÑA EN DUCTO EXISTENTE CON CABLE;S;PEX-807;S/ 13.65;CANALIZACION_DUCTOS
ACTIVIDAD;CANALIZACION_DUCTOS;12040;BISEL EN CAMARA EXISTENTE HASTA 16 VIAS;S;12040;S/ 245.88;CANALIZACION_DUCTOS
ACTIVIDAD;POSTES;15002;INSTALACION DE POSTE DE CONCRETO NUEVO SOBRE SUPERFICIE TIERRA O JARDIN - Incluye movilidad;S;15002;S/ 123.90;POSTES
ACTIVIDAD;CONCRETO_CIMENTACION;14943;COLOCACION DE CONCRETO f'c=210kg/cm2 (PREPARADO EN SITIO);S;14943;S/ 303.85;CONCRETO_CIMENTACION
ACTIVIDAD;POSTES;20009;INSTALAR ANCLA VERTICAL EN VEREDA;S;20009;S/ 91.50;POSTES
ACTIVIDAD;OTROS;12317;Replanteo de Diseño Planta Externa;S;12317;S/ 60.00;OTROS
ACTIVIDAD;CANALIZACION_DUCTOS;13468;Profundización de canalización;S;13468;S/ 99.79;CANALIZACION_DUCTOS
ACTIVIDAD;POSTES;20024;REPOSICION DE PAÑO DE VEREDA POR RETIRO DE POSTE;S;20024;S/ 22.80;POSTES
ACTIVIDAD;EXCAVACION_DEMOLICION;PEX-823;Adicional por excavación en terreno rocoso;S;PEX-823;S/ 59.08;EXCAVACION_DEMOLICION
ACTIVIDAD;CANALIZACION_DUCTOS;20039;ACONDICIONAMIENTO DE CABLES EN CAMARAS;S;20039;S/ 27.10;CANALIZACION_DUCTOS
ACTIVIDAD;POSTES;20002;CORREGIR POSTE INSTALADO CONCRETO EN TIERRA;S;20002;S/ 44.30;POSTES
ACTIVIDAD;POSTES;20008;INSTALAR ANCLA VERTICAL EN TIERRA;S;20008;S/ 76.70;POSTES
ACTIVIDAD;CANALIZACION_DUCTOS;14769;CANALIZACION DE 2 VIAS BAJO VEREDA;S;14769;S/ 181.00;CANALIZACION_DUCTOS
ACTIVIDAD;EXCAVACION_DEMOLICION;14948;DEMOLICION DE CONCRETO ARMADO, INCLUYE ELIMINACIÓN DE ESCOMBROS;S;14948;S/ 241.19;EXCAVACION_DEMOLICION
ACTIVIDAD;OTROS;10751;PRECIO HORA JORNADA DIURNA DE UN TECNICO;S;10751;S/ 22.83;OTROS
ACTIVIDAD;CANALIZACION_DUCTOS;14752;CANALIZACION DE 1 VIA BAJO TIERRA;S;14752;S/ 80.62;CANALIZACION_DUCTOS
ACTIVIDAD;CANALIZACION_DUCTOS;14816;CANALIZACION DE 1 VIA BAJO ADOQUIN CON ARENA;S;14816;S/ 130.00;CANALIZACION_DUCTOS
ACTIVIDAD;OTROS;20042;DETENCION Y DIAGNOSTICO DE AVERIA;S;20042;S/ 29.50;OTROS
ACTIVIDAD;CANALIZACION_DUCTOS;10063;PASAR HILO GUIA EN DUCTO DE CANALIZACION ( VARILLA Ó GUIA);S;10063;S/ 0.49;CANALIZACION_DUCTOS
ACTIVIDAD;CONCRETO_CIMENTACION;12107;RELLENO Y APISONADO CON MATERIAL PROPIO;S;12107;S/ 15.78;CONCRETO_CIMENTACION
ACTIVIDAD;INSTALACION_CABLES_EQUIPOS;4876;INSTALACION DE CINTA SEÑALIZADORA;S;4876;S/ 0.57;INSTALACION_CABLES_EQUIPOS
ACTIVIDAD;CONCRETO_CIMENTACION;12204;"REPOSICION ASFALTO EN CALIENTE, Espesor=2"" (5.0cm)";S;12204;S/ 39.14;CONCRETO_CIMENTACION
ACTIVIDAD;CANALIZACION_DUCTOS;20098;PREPARACION CABLE PARA FUSION EN CAMARA, POSTE, POP O NODO 96, 48, 24, 12 FIBRAS;S;20098;S/ 125.40;CANALIZACION_DUCTOS
ACTIVIDAD;INSTALACION_CABLES_EQUIPOS;14976;INSTALACION DE CAJA DE EMPALME (MUFA) NO SE CONSIDERA SUMINISTRO - Incluye movilidad;S;14976;S/ 99.50;INSTALACION_CABLES_EQUIPOS
ACTIVIDAD;INSTALACION_CABLES_EQUIPOS;10033;INSTALAR FERRETERIA EN POSTE (CABLE EXISTENTE);S;10033;S/ 3.00;INSTALACION_CABLES_EQUIPOS
ACTIVIDAD;OTROS;14738;GESTION DE PERMISOS PARA MANTENIMIENTO O TRABAJOS DE EMERGENCIA DE INFRAESTRUCTURA DE TELECOMUNICACIONES DE LA RED FIJA- incluye movilidad;S;14738;S/ 200.00;OTROS
ACTIVIDAD;INSTALACION_CABLES_EQUIPOS;20040;ACONDICIONAMIENTO DE CABLES EN CRUCETAS;S;20040;S/ 8.30;INSTALACION_CABLES_EQUIPOS
ACTIVIDAD;INSTALACION_CABLES_EQUIPOS;20077;EMPALME DE F.O. MONOMODO EN SERVICIO;S;20077;S/ 37.80;INSTALACION_CABLES_EQUIPOS
ACTIVIDAD;INSTALACION_CABLES_EQUIPOS;10113;CORRIDA DE CABLE EN RESERVA;S;10113;S/ 0.80;INSTALACION_CABLES_EQUIPOS
ACTIVIDAD;INSTALACION_CABLES_EQUIPOS;20115;INSTALAR TUBO SALIDA DE CABLE A POSTE;S;20115;S/ 17.80;INSTALACION_CABLES_EQUIPOS
ACTIVIDAD;TRANSPORTE;11875;Transporte terrestre (ida y vuelta costo por persona) CENTRO: Ayacucho, Huancayo, Huanuco;S;11875;S/ 138.00;TRANSPORTE
ACTIVIDAD;CANALIZACION_DUCTOS;20481;INTERCEPTAR CANALIZACION EXISTENTE Y SALIDA LATERAL;S;20481;S/ 34.50;CANALIZACION_DUCTOS
ACTIVIDAD;CANALIZACION_DUCTOS;14785;CANALIZACION DE 2 VIAS BAJO PISTA DE CONCRETO ASFALTO;S;14785;S/ 198.83;CANALIZACION_DUCTOS
ACTIVIDAD;OTROS;20093;MEDIDA DE RETROESPARCIMIENTO EN DOBLE VENTANA EN SECCION DE F.O. MONOMODO (UNA);S;20093;S/ 72.10;OTROS
ACTIVIDAD;INSTALACION_CABLES_EQUIPOS;20078;EMPALME DE F.O. MONOMODO SIN SERVICIO;S;20078;S/ 24.20;INSTALACION_CABLES_EQUIPOS
ACTIVIDAD;OTROS;14185;ARMADO DE EXPEDIENTE MUNICIPAL PARA OBRAS CIVILES (EXCAVACION Y CANALIZACION);S;14185;S/ 90.94;OTROS
ACTIVIDAD;CONCRETO_CIMENTACION;14935;REEMPLAZO DE MARCO Y TAPA PARA CAMARAS - Incluye movilidad;S;14935;S/ 800.00;CONCRETO_CIMENTACION
ACTIVIDAD;POSTES;13846;Enderezamiento de Poste Concreto CAC sobre Superficie Vereda / Concreto;S;13846;S/ 171.13;POSTES
ACTIVIDAD;POSTES;13528;Instalación de Dado de Concreto en Poste con Cimentación en la base - Superficie Vereda;S;13528;S/ 277.94;POSTES
ACTIVIDAD;EXCAVACION_DEMOLICION;14914;REPOSICION DE VEREDA, CONCRETO F¿C=175 KG/CM2, E=0,10M, INCLUYE: DEMOLICION, COLOCACIÓN DE AFIRMADO Y ELIMINACION DE DESMONTE;S;14914;S/ 76.30;EXCAVACION_DEMOLICION
ACTIVIDAD;OTROS;20032;TENSAR CABLE DE RIOSTRA;S;20032;S/ 9.60;OTROS
MATERIAL;FERRETERIA;1004468;COPLES DE PLASTICO JACKMOON - TYCO JM-CTL-15CP187TL;S;1004468;S/ 5.61;MISCELANEOS
MATERIAL;FERRETERIA;-;"DUCTOS DE PVC DE 4"" X 6 M";D;;$ 3.50;MISCELANEOS
MATERIAL;FERRETERIA;1032728;ACOPLADOR PANDUIT SC DUPLEX SM CON BASE;D;1032728;$ 25.88;FERRETERIA
MATERIAL;FERRETERIA;1002717;PANDUIT CAJA DE MONTAJE MM DE FIBRA OPTICA PARA 6 MODULOS;D;1002717;$ 11.86;FERRETERIA
MATERIAL;STOCK_CLARO;1062361;CABLE FO 48H SM400 MONOMODO D/CANTIHIELO;S;1062361;S/ 0.00;STOCK_CLARO
MATERIAL;STOCK_CLARO;1043103;C OADSS60 CX87 DDE DL 24SMF BK WRL;S;1043103;S/ 0.00;STOCK_CLARO
MATERIAL;STOCK_CLARO;1044171;CABLE FIBRA OPTICA ADSS 24F SM, SAPN;S;1044171;S/ 0.00;STOCK_CLARO
MATERIAL;STOCK_CLARO;1062649;CABLE ADSS 48F SM 1200 AT;S;1062649;S/ 0.00;STOCK_CLARO
MATERIAL;STOCK_CLARO;1062647;CABLE ADSS 48F SM 1200 DOBLE CUBIERTA;S;1062647;S/ 0.00;STOCK_CLARO
MATERIAL;STOCK_CLARO;1043104;C OADSS85 CX87 DDE DL 24SMF BK WRL;S;1043104;0;STOCK_CLARO
MATERIAL;STOCK_CLARO;1002531;POZOS CÓNICOS PREFABRICADOS;S;1002531;0;STOCK_CLARO
ACTIVIDAD;CANALIZACION_DUCTOS;14848;CONSTRUCCIÓN DE CÁMARA X-A BAJO TIERRA;S;14848;S/ 3,400.85;CANALIZACION_DUCTOS
ACTIVIDAD;CANALIZACION_DUCTOS;14903;PLUS POR CONSTRUC. CAMARA INTERCEPTANDO CANALIZAC.EXIST.CON CABLES HASTA 4D;S;14903;S/ 161.69;CANALIZACION_DUCTOS
